team,player_name,name_norm
Czech Republic,Matěj Kovář,mat j kov
Czech Republic,David Zima,david zima
Czech Republic,Tomáš Holeš,tom hole
Czech Republic,Robin Hranáč,robin hran
Czech Republic,Vladimír Coufal,vladim r coufal
Czech Republic,Štěpán Chaloupek,t p n chaloupek
Czech Republic,Ladislav Krejčí,ladislav krej
Czech Republic,Vladimír Darida,vladim r darida
Czech Republic,Adam Hložek,adam hlo ek
Czech Republic,Patrik Schick,patrik schick
Czech Republic,Jan Kuchta,jan kuchta
Czech Republic,Lukáš Červ,luk erv
Czech Republic,Mojmír Chytil,mojm r chytil
Czech Republic,David Jurásek,david jur sek
Czech Republic,Pavel Šulc,pavel ulc
Czech Republic,Jindřich Staněk,jind ich stan k
Czech Republic,Lukáš Provod,luk provod
Czech Republic,Michal Sadílek,michal sad lek
Czech Republic,Tomáš Chorý,tom chor
Czech Republic,Jaroslav Zelený,jaroslav zelen
Czech Republic,David Douděra,david doud ra
Czech Republic,Tomáš Souček,tom sou ek
Czech Republic,Lukáš Horníček,luk horn ek
Czech Republic,Alexandr Sojka,alexandr sojka
Czech Republic,Hugo Sochůrek,hugo soch rek
Czech Republic,Denis Višinský,denis vi insk
Mexico,Raúl Rangel,ra l rangel
Mexico,Jorge Sánchez,jorge s nchez
Mexico,César Montes,c sar montes
Mexico,Edson Álvarez,edson lvarez
Mexico,Johan Vásquez,johan v squez
Mexico,Érik Lira,rik lira
Mexico,Luis Romo,luis romo
Mexico,Álvaro Fidalgo,lvaro fidalgo
Mexico,Raúl Jiménez,ra l jim nez
Mexico,Alexis Vega,alexis vega
Mexico,Santiago Giménez,santiago gim nez
Mexico,Carlos Acevedo,carlos acevedo
Mexico,Guillermo Ochoa,guillermo ochoa
Mexico,Armando González,armando gonz lez
Mexico,Israel Reyes,israel reyes
Mexico,Julián Quiñones,juli n qui ones
Mexico,Orbelín Pineda,orbel n pineda
Mexico,Obed Vargas,obed vargas
Mexico,Gilberto Mora,gilberto mora
Mexico,Mateo Chávez,mateo ch vez
Mexico,César Huerta,c sar huerta
Mexico,Guillermo Martínez,guillermo mart nez
Mexico,Jesús Gallardo,jes s gallardo
Mexico,Luis Chávez,luis ch vez
Mexico,Roberto Alvarado,roberto alvarado
Mexico,Brian Gutiérrez,brian guti rrez
South Africa,Ronwen Williams,ronwen williams
South Africa,Thabang Matuludi,thabang matuludi
South Africa,Khulumani Ndamane,khulumani ndamane
South Africa,Teboho Mokoena,teboho mokoena
South Africa,Thalente Mbatha,thalente mbatha
South Africa,Aubrey Modiba,aubrey modiba
South Africa,Oswin Appollis,oswin appollis
South Africa,Tshepang Moremi,tshepang moremi
South Africa,Lyle Foster,lyle foster
South Africa,Relebohile Mofokeng,relebohile mofokeng
South Africa,Themba Zwane,themba zwane
South Africa,Thapelo Maseko,thapelo maseko
South Africa,Sphephelo Sithole,sphephelo sithole
South Africa,Mbekezeli Mbokazi,mbekezeli mbokazi
South Africa,Iqraam Rayners,iqraam rayners
South Africa,Sipho Chaine,sipho chaine
South Africa,Evidence Makgopa,evidence makgopa
South Africa,Samukele Kabini,samukele kabini
South Africa,Nkosinathi Sibisi,nkosinathi sibisi
South Africa,Khuliso Mudau,khuliso mudau
South Africa,Ime Okon,ime okon
South Africa,Ricardo Goss,ricardo goss
South Africa,Jayden Adams,jayden adams
South Africa,Olwethu Makhanya,olwethu makhanya
South Africa,Kamogelo Sebelebele,kamogelo sebelebele
South Africa,Bradley Cross,bradley cross
South Korea,Kim Seung-gyu,kim seung gyu
South Korea,Lee Han-beom,lee han beom
South Korea,Lee Gi-hyuk,lee gi hyuk
South Korea,Kim Min-jae,kim min jae
South Korea,Kim Tae-hyeon,kim tae hyeon
South Korea,Hwang In-beom,hwang in beom
South Korea,Son Heung-min,son heung min
South Korea,Paik Seung-ho,paik seung ho
South Korea,Cho Gue-sung,cho gue sung
South Korea,Lee Jae-sung,lee jae sung
South Korea,Hwang Hee-chan,hwang hee chan
South Korea,Song Bum-keun,song bum keun
South Korea,Lee Tae-seok,lee tae seok
South Korea,Cho Wi-je,cho wi je
South Korea,Kim Moon-hwan,kim moon hwan
South Korea,Park Jin-seob,park jin seob
South Korea,Bae Jun-ho,bae jun ho
South Korea,Oh Hyeon-gyu,oh hyeon gyu
South Korea,Lee Kang-in,lee kang in
South Korea,Yang Hyun-jun,yang hyun jun
South Korea,Jo Hyeon-woo,jo hyeon woo
South Korea,Seol Young-woo,seol young woo
South Korea,Jens Castrop,jens castrop
South Korea,Kim Jin-gyu,kim jin gyu
South Korea,Eom Ji-sung,eom ji sung
South Korea,Lee Dong-gyeong,lee dong gyeong
Bosnia and Herzegovina,Nikola Vasilj,nikola vasilj
Bosnia and Herzegovina,Nihad Mujakić,nihad mujaki
Bosnia and Herzegovina,Dennis Hadžikadunić,dennis had ikaduni
Bosnia and Herzegovina,Tarik Muharemović,tarik muharemovi
Bosnia and Herzegovina,Sead Kolašinac,sead kola inac
Bosnia and Herzegovina,Benjamin Tahirović,benjamin tahirovi
Bosnia and Herzegovina,Amar Dedić,amar dedi
Bosnia and Herzegovina,Armin Gigović,armin gigovi
Bosnia and Herzegovina,Samed Baždar,samed ba dar
Bosnia and Herzegovina,Ermedin Demirović,ermedin demirovi
Bosnia and Herzegovina,Edin Džeko,edin d eko
Bosnia and Herzegovina,Mladen Jurkas,mladen jurkas
Bosnia and Herzegovina,Ivan Bašić,ivan ba i
Bosnia and Herzegovina,Ivan Šunjić,ivan unji
Bosnia and Herzegovina,Amar Memić,amar memi
Bosnia and Herzegovina,Amir Hadžiahmetović,amir had iahmetovi
Bosnia and Herzegovina,Dženis Burnić,d enis burni
Bosnia and Herzegovina,Nikola Katić,nikola kati
Bosnia and Herzegovina,Kerim Alajbegović,kerim alajbegovi
Bosnia and Herzegovina,Esmir Bajraktarević,esmir bajraktarevi
Bosnia and Herzegovina,Stjepan Radeljić,stjepan radelji
Bosnia and Herzegovina,Martin Zlomislić,martin zlomisli
Bosnia and Herzegovina,Haris Tabaković,haris tabakovi
Bosnia and Herzegovina,Arjan Malić,arjan mali
Bosnia and Herzegovina,Jovo Lukić,jovo luki
Bosnia and Herzegovina,Ermin Mahmić,ermin mahmi
Canada,Dayne St. Clair,dayne st clair
Canada,Alistair Johnston,alistair johnston
Canada,Alfie Jones,alfie jones
Canada,Luc de Fougerolles,luc de fougerolles
Canada,Joel Waterman,joel waterman
Canada,Mathieu Choinière,mathieu choini re
Canada,Stephen Eustáquio,stephen eust quio
Canada,Ismaël Koné,isma l kon
Canada,Cyle Larin,cyle larin
Canada,Jonathan David,jonathan david
Canada,Liam Millar,liam millar
Canada,Tani Oluwaseyi,tani oluwaseyi
Canada,Derek Cornelius,derek cornelius
Canada,Jacob Shaffelburg,jacob shaffelburg
Canada,Moïse Bombito,mo se bombito
Canada,Maxime Crépeau,maxime cr peau
Canada,Tajon Buchanan,tajon buchanan
Canada,Owen Goodman,owen goodman
Canada,Alphonso Davies,alphonso davies
Canada,Ali Ahmed,ali ahmed
Canada,Jonathan Osorio,jonathan osorio
Canada,Richie Laryea,richie laryea
Canada,Niko Sigur,niko sigur
Canada,Promise David,promise david
Canada,Nathan Saliba,nathan saliba
Canada,Jayden Nelson,jayden nelson
Qatar,Mahmud Abunada,mahmud abunada
Qatar,Pedro Miguel,pedro miguel
Qatar,Lucas Mendes,lucas mendes
Qatar,Issa Laye,issa laye
Qatar,Jassem Gaber,jassem gaber
Qatar,Abdulaziz Hatem,abdulaziz hatem
Qatar,Ahmed Alaaeldin,ahmed alaaeldin
Qatar,Edmilson Junior,edmilson junior
Qatar,Mohammed Muntari,mohammed muntari
Qatar,Hassan Al-Haydos,hassan al haydos
Qatar,Akram Afif,akram afif
Qatar,Karim Boudiaf,karim boudiaf
Qatar,Ayoub Al-Oui,ayoub al oui
Qatar,Homam Ahmed,homam ahmed
Qatar,Yusuf Abdurisag,yusuf abdurisag
Qatar,Boualem Khoukhi,boualem khoukhi
Qatar,Ahmed Al-Ganehi,ahmed al ganehi
Qatar,Sultan Al-Brake,sultan al brake
Qatar,Almoez Ali,almoez ali
Qatar,Ahmed Fathy,ahmed fathy
Qatar,Salah Zakaria,salah zakaria
Qatar,Meshaal Barsham,meshaal barsham
Qatar,Assim Madibo,assim madibo
Qatar,Tahsin Jamshid,tahsin jamshid
Qatar,Al-Hashmi Al-Hussain,al hashmi al hussain
Qatar,Mohamed Manai,mohamed manai
Switzerland,Gregor Kobel,gregor kobel
Switzerland,Miro Muheim,miro muheim
Switzerland,Silvan Widmer,silvan widmer
Switzerland,Nico Elvedi,nico elvedi
Switzerland,Manuel Akanji,manuel akanji
Switzerland,Denis Zakaria,denis zakaria
Switzerland,Breel Embolo,breel embolo
Switzerland,Remo Freuler,remo freuler
Switzerland,Johan Manzambi,johan manzambi
Switzerland,Granit Xhaka,granit xhaka
Switzerland,Dan Ndoye,dan ndoye
Switzerland,Yvon Mvogo,yvon mvogo
Switzerland,Ricardo Rodriguez,ricardo rodriguez
Switzerland,Ardon Jashari,ardon jashari
Switzerland,Djibril Sow,djibril sow
Switzerland,Christian Fassnacht,christian fassnacht
Switzerland,Rubén Vargas,rub n vargas
Switzerland,Eray Cömert,eray c mert
Switzerland,Noah Okafor,noah okafor
Switzerland,Michel Aebischer,michel aebischer
Switzerland,Marvin Keller,marvin keller
Switzerland,Fabian Rieder,fabian rieder
Switzerland,Zeki Amdouni,zeki amdouni
Switzerland,Aurèle Amenda,aur le amenda
Switzerland,Luca Jaquez,luca jaquez
Switzerland,Cedric Itten,cedric itten
Brazil,Alisson,alisson
Brazil,Éderson Silva,derson silva
Brazil,Gabriel Magalhães,gabriel magalh es
Brazil,Marquinhos,marquinhos
Brazil,Casemiro,casemiro
Brazil,Alex Sandro,alex sandro
Brazil,Vinícius Júnior,vin cius j nior
Brazil,Bruno Guimarães,bruno guimar es
Brazil,Matheus Cunha,matheus cunha
Brazil,Neymar,neymar
Brazil,Raphinha,raphinha
Brazil,Weverton,weverton
Brazil,Danilo Luiz,danilo luiz
Brazil,Bremer,bremer
Brazil,Léo Pereira,l o pereira
Brazil,Douglas Santos,douglas santos
Brazil,Fabinho,fabinho
Brazil,Danilo Santos,danilo santos
Brazil,Endrick,endrick
Brazil,Lucas Paquetá,lucas paquet
Brazil,Luiz Henrique,luiz henrique
Brazil,Gabriel Martinelli,gabriel martinelli
Brazil,Ederson Moraes,ederson moraes
Brazil,Roger Ibañez,roger iba ez
Brazil,Igor Thiago,igor thiago
Brazil,Rayan,rayan
Haiti,Johny Placide,johny placide
Haiti,Carlens Arcus,carlens arcus
Haiti,Keeto Thermoncy,keeto thermoncy
Haiti,Ricardo Adé,ricardo ad
Haiti,Hannes Delcroix,hannes delcroix
Haiti,Carl Sainté,carl saint
Haiti,Derrick Etienne Jr.,derrick etienne jr
Haiti,Martin Expérience,martin exp rience
Haiti,Duckens Nazon,duckens nazon
Haiti,Jean-Ricner Bellegarde,jean ricner bellegarde
Haiti,Louicius Deedson,louicius deedson
Haiti,Alexandre Pierre,alexandre pierre
Haiti,Duke Lacroix,duke lacroix
Haiti,Garven Metusala,garven metusala
Haiti,Ruben Providence,ruben providence
Haiti,Lenny Joseph,lenny joseph
Haiti,Danley Jean Jacques,danley jean jacques
Haiti,Wilson Isidor,wilson isidor
Haiti,Yassin Fortuné,yassin fortun
Haiti,Frantzdy Pierrot,frantzdy pierrot
Haiti,Josué Casimir,josu casimir
Haiti,Jean-Kévin Duverne,jean k vin duverne
Haiti,Josué Duverger,josu duverger
Haiti,Wilguens Paugain,wilguens paugain
Haiti,Dominique Simon,dominique simon
Haiti,Woodensky Pierre,woodensky pierre
Morocco,Yassine Bounou,yassine bounou
Morocco,Achraf Hakimi,achraf hakimi
Morocco,Noussair Mazraoui,noussair mazraoui
Morocco,Sofyan Amrabat,sofyan amrabat
Morocco,Marwane Saâdane,marwane sa dane
Morocco,Ayyoub Bouaddi,ayyoub bouaddi
Morocco,Chemsdine Talbi,chemsdine talbi
Morocco,Azzedine Ounahi,azzedine ounahi
Morocco,Soufiane Rahimi,soufiane rahimi
Morocco,Brahim Díaz,brahim d az
Morocco,Ismael Saibari,ismael saibari
Morocco,Munir Mohamedi,munir mohamedi
Morocco,Zakaria El Ouahdi,zakaria el ouahdi
Morocco,Issa Diop,issa diop
Morocco,Samir El Mourabet,samir el mourabet
Morocco,Gessime Yassine,gessime yassine
Morocco,Amine Sbaï,amine sba
Morocco,Chadi Riad,chadi riad
Morocco,Youssef Belammari,youssef belammari
Morocco,Ayoub El Kaabi,ayoub el kaabi
Morocco,Ayoube Amaimouni,ayoube amaimouni
Morocco,Ahmed Reda Tagnaouti,ahmed reda tagnaouti
Morocco,Bilal El Khannouss,bilal el khannouss
Morocco,Neil El Aynaoui,neil el aynaoui
Morocco,Redouane Halhal,redouane halhal
Morocco,Anass Salah-Eddine,anass salah eddine
Scotland,Angus Gunn,angus gunn
Scotland,Aaron Hickey,aaron hickey
Scotland,Andy Robertson,andy robertson
Scotland,Scott McTominay,scott mctominay
Scotland,Grant Hanley,grant hanley
Scotland,Kieran Tierney,kieran tierney
Scotland,John McGinn,john mcginn
Scotland,Tyler Fletcher,tyler fletcher
Scotland,Lyndon Dykes,lyndon dykes
Scotland,Ché Adams,ch adams
Scotland,Ryan Christie,ryan christie
Scotland,Liam Kelly,liam kelly
Scotland,Jack Hendry,jack hendry
Scotland,Ross Stewart,ross stewart
Scotland,John Souttar,john souttar
Scotland,Dominic Hyam,dominic hyam
Scotland,Ben Gannon-Doak,ben gannon doak
Scotland,George Hirst,george hirst
Scotland,Lewis Ferguson,lewis ferguson
Scotland,Lawrence Shankland,lawrence shankland
Scotland,Craig Gordon,craig gordon
Scotland,Nathan Patterson,nathan patterson
Scotland,Kenny McLean,kenny mclean
Scotland,Anthony Ralston,anthony ralston
Scotland,Findlay Curtis,findlay curtis
Scotland,Scott McKenna,scott mckenna
Australia,Mathew Ryan,mathew ryan
Australia,Miloš Degenek,milo degenek
Australia,Alessandro Circati,alessandro circati
Australia,Jacob Italiano,jacob italiano
Australia,Jordan Bos,jordan bos
Australia,Jason Geria,jason geria
Australia,Mathew Leckie,mathew leckie
Australia,Connor Metcalfe,connor metcalfe
Australia,Mohamed Touré,mohamed tour
Australia,Ajdin Hrustic,ajdin hrustic
Australia,Awer Mabil,awer mabil
Australia,Paul Izzo,paul izzo
Australia,Aiden O'Neill,aiden o neill
Australia,Cammy Devlin,cammy devlin
Australia,Kai Trewin,kai trewin
Australia,Aziz Behich,aziz behich
Australia,Nestory Irankunda,nestory irankunda
Australia,Patrick Beach,patrick beach
Australia,Harry Souttar,harry souttar
Australia,Cristian Volpato,cristian volpato
Australia,Cameron Burgess,cameron burgess
Australia,Jackson Irvine,jackson irvine
Australia,Nishan Velupillay,nishan velupillay
Australia,Paul Okon-Engstler,paul okon engstler
Australia,Lucas Herrington,lucas herrington
Australia,Tete Yengi,tete yengi
Paraguay,Gatito Fernández,gatito fern ndez
Paraguay,Gustavo Velázquez,gustavo vel zquez
Paraguay,Omar Alderete,omar alderete
Paraguay,Juan José Cáceres,juan jos c ceres
Paraguay,Fabián Balbuena,fabi n balbuena
Paraguay,Júnior Alonso,j nior alonso
Paraguay,Ramón Sosa,ram n sosa
Paraguay,Diego Gómez,diego g mez
Paraguay,Antonio Sanabria,antonio sanabria
Paraguay,Miguel Almirón,miguel almir n
Paraguay,Maurício,maur cio
Paraguay,Orlando Gill,orlando gill
Paraguay,José Canale,jos canale
Paraguay,Andrés Cubas,andr s cubas
Paraguay,Gustavo Gómez,gustavo g mez
Paraguay,Damián Bobadilla,dami n bobadilla
Paraguay,Kaku,kaku
Paraguay,Álex Arce,lex arce
Paraguay,Julio Enciso,julio enciso
Paraguay,Braian Ojeda,braian ojeda
Paraguay,Gabriel Ávalos,gabriel valos
Paraguay,Gastón Olveira,gast n olveira
Paraguay,Matías Galarza,mat as galarza
Paraguay,Gustavo Caballero,gustavo caballero
Paraguay,Isidro Pitta,isidro pitta
Paraguay,Alexandro Maidana,alexandro maidana
Turkey,Mert Günok,mert g nok
Turkey,Zeki Çelik,zeki elik
Turkey,Merih Demiral,merih demiral
Turkey,Çağlar Söyüncü,a lar s y nc
Turkey,Salih Özcan,salih zcan
Turkey,Orkun Kökçü,orkun k k
Turkey,Kerem Aktürkoğlu,kerem akt rko lu
Turkey,Arda Güler,arda g ler
Turkey,Deniz Gül,deniz g l
Turkey,Hakan Çalhanoğlu,hakan alhano lu
Turkey,Kenan Yıldız,kenan y ld z
Turkey,Altay Bayındır,altay bay nd r
Turkey,Eren Elmalı,eren elmal
Turkey,Abdülkerim Bardakcı,abd lkerim bardakc
Turkey,Ozan Kabak,ozan kabak
Turkey,İsmail Yüksek,i smail y ksek
Turkey,İrfan Can Kahveci,i rfan can kahveci
Turkey,Mert Müldür,mert m ld r
Turkey,Yunus Akgün,yunus akg n
Turkey,Ferdi Kadıoğlu,ferdi kad o lu
Turkey,Barış Alper Yılmaz,bar alper y lmaz
Turkey,Kaan Ayhan,kaan ayhan
Turkey,Uğurcan Çakır,u urcan ak r
Turkey,Oğuz Aydın,o uz ayd n
Turkey,Samet Akaydin,samet akaydin
Turkey,Can Uzun,can uzun
United States,Matt Turner,matt turner
United States,Sergiño Dest,sergi o dest
United States,Chris Richards,chris richards
United States,Tyler Adams,tyler adams
United States,Antonee Robinson,antonee robinson
United States,Auston Trusty,auston trusty
United States,Giovanni Reyna,giovanni reyna
United States,Weston McKennie,weston mckennie
United States,Ricardo Pepi,ricardo pepi
United States,Christian Pulisic,christian pulisic
United States,Brenden Aaronson,brenden aaronson
United States,Miles Robinson,miles robinson
United States,Tim Ream,tim ream
United States,Sebastian Berhalter,sebastian berhalter
United States,Cristian Roldan,cristian roldan
United States,Alex Freeman,alex freeman
United States,Malik Tillman,malik tillman
United States,Max Arfsten,max arfsten
United States,Haji Wright,haji wright
United States,Folarin Balogun,folarin balogun
United States,Timothy Weah,timothy weah
United States,Mark McKenzie,mark mckenzie
United States,Joe Scally,joe scally
United States,Matt Freese,matt freese
United States,Chris Brady,chris brady
United States,Alejandro Zendejas,alejandro zendejas
Curaçao,Eloy Room,eloy room
Curaçao,Shurandy Sambo,shurandy sambo
Curaçao,Juriën Gaari,juri n gaari
Curaçao,Roshon van Eijma,roshon van eijma
Curaçao,Sherel Floranus,sherel floranus
Curaçao,Godfried Roemeratoe,godfried roemeratoe
Curaçao,Juninho Bacuna,juninho bacuna
Curaçao,Livano Comenencia,livano comenencia
Curaçao,Jürgen Locadia,j rgen locadia
Curaçao,Leandro Bacuna,leandro bacuna
Curaçao,Jeremy Antonisse,jeremy antonisse
Curaçao,Sontje Hansen,sontje hansen
Curaçao,Tyrese Noslin,tyrese noslin
Curaçao,Kenji Gorré,kenji gorr
Curaçao,Ar'jany Martha,ar jany martha
Curaçao,Jearl Margaritha,jearl margaritha
Curaçao,Brandley Kuwas,brandley kuwas
Curaçao,Armando Obispo,armando obispo
Curaçao,Gervane Kastaneer,gervane kastaneer
Curaçao,Joshua Brenet,joshua brenet
Curaçao,Tahith Chong,tahith chong
Curaçao,Kevin Felida,kevin felida
Curaçao,Riechedly Bazoer,riechedly bazoer
Curaçao,Deveron Fonville,deveron fonville
Curaçao,Tyrick Bodak,tyrick bodak
Curaçao,Trevor Doornbusch,trevor doornbusch
Ecuador,Hernán Galíndez,hern n gal ndez
Ecuador,Félix Torres,f lix torres
Ecuador,Piero Hincapié,piero hincapi
Ecuador,Joel Ordóñez,joel ord ez
Ecuador,Jordy Alcívar,jordy alc var
Ecuador,Willian Pacho,willian pacho
Ecuador,Pervis Estupiñán,pervis estupi n
Ecuador,Anthony Valencia,anthony valencia
Ecuador,John Yeboah,john yeboah
Ecuador,Kendry Páez,kendry p ez
Ecuador,Kevin Rodríguez,kevin rodr guez
Ecuador,Moisés Ramírez,mois s ram rez
Ecuador,Enner Valencia,enner valencia
Ecuador,Alan Minda,alan minda
Ecuador,Pedro Vite,pedro vite
Ecuador,Jordy Caicedo,jordy caicedo
Ecuador,Ángelo Preciado,ngelo preciado
Ecuador,Denil Castillo,denil castillo
Ecuador,Gonzalo Plata,gonzalo plata
Ecuador,Nilson Angulo,nilson angulo
Ecuador,Alan Franco,alan franco
Ecuador,Gonzalo Valle,gonzalo valle
Ecuador,Moisés Caicedo,mois s caicedo
Ecuador,Jeremy Arévalo,jeremy ar valo
Ecuador,Jackson Porozo,jackson porozo
Ecuador,Yaimar Medina,yaimar medina
Germany,Manuel Neuer,manuel neuer
Germany,Antonio Rüdiger,antonio r diger
Germany,Waldemar Anton,waldemar anton
Germany,Jonathan Tah,jonathan tah
Germany,Aleksandar Pavlović,aleksandar pavlovi
Germany,Joshua Kimmich,joshua kimmich
Germany,Kai Havertz,kai havertz
Germany,Leon Goretzka,leon goretzka
Germany,Jamie Leweling,jamie leweling
Germany,Jamal Musiala,jamal musiala
Germany,Nick Woltemade,nick woltemade
Germany,Oliver Baumann,oliver baumann
Germany,Pascal Groß,pascal gro
Germany,Maximilian Beier,maximilian beier
Germany,Nico Schlotterbeck,nico schlotterbeck
Germany,Angelo Stiller,angelo stiller
Germany,Florian Wirtz,florian wirtz
Germany,Nathaniel Brown,nathaniel brown
Germany,Leroy Sané,leroy san
Germany,Nadiem Amiri,nadiem amiri
Germany,Alexander Nübel,alexander n bel
Germany,David Raum,david raum
Germany,Felix Nmecha,felix nmecha
Germany,Malick Thiaw,malick thiaw
Germany,Assan Ouédraogo,assan ou draogo
Germany,Deniz Undav,deniz undav
Ivory Coast,Yahia Fofana,yahia fofana
Ivory Coast,Ousmane Diomande,ousmane diomande
Ivory Coast,Ghislain Konan,ghislain konan
Ivory Coast,Jean Michaël Seri,jean micha l seri
Ivory Coast,Wilfried Singo,wilfried singo
Ivory Coast,Seko Fofana,seko fofana
Ivory Coast,Odilon Kossounou,odilon kossounou
Ivory Coast,Franck Kessié,franck kessi
Ivory Coast,Ange-Yoan Bonny,ange yoan bonny
Ivory Coast,Simon Adingra,simon adingra
Ivory Coast,Yan Diomande,yan diomande
Ivory Coast,Elye Wahi,elye wahi
Ivory Coast,Christopher Opéri,christopher op ri
Ivory Coast,Oumar Diakité,oumar diakit
Ivory Coast,Amad Diallo,amad diallo
Ivory Coast,Mohamed Koné,mohamed kon
Ivory Coast,Guéla Doué,gu la dou
Ivory Coast,Ibrahim Sangaré,ibrahim sangar
Ivory Coast,Nicolas Pépé,nicolas p p
Ivory Coast,Emmanuel Agbadou,emmanuel agbadou
Ivory Coast,Evan Ndicka,evan ndicka
Ivory Coast,Evann Guessand,evann guessand
Ivory Coast,Alban Lafont,alban lafont
Ivory Coast,Bazoumana Touré,bazoumana tour
Ivory Coast,Parfait Guiagon,parfait guiagon
Ivory Coast,Christ Inao Oulaï,christ inao oula
Japan,Zion Suzuki,zion suzuki
Japan,Yukinari Sugawara,yukinari sugawara
Japan,Shōgo Taniguchi,sh go taniguchi
Japan,Kō Itakura,k itakura
Japan,Yūto Nagatomo,y to nagatomo
Japan,Shuto Machino,shuto machino
Japan,Ao Tanaka,ao tanaka
Japan,Takefusa Kubo,takefusa kubo
Japan,Keisuke Gotō,keisuke got
Japan,Ritsu Dōan,ritsu d an
Japan,Daizen Maeda,daizen maeda
Japan,Keisuke Ōsako,keisuke sako
Japan,Keito Nakamura,keito nakamura
Japan,Junya Itō,junya it
Japan,Daichi Kamada,daichi kamada
Japan,Tsuyoshi Watanabe,tsuyoshi watanabe
Japan,Yuito Suzuki,yuito suzuki
Japan,Ayase Ueda,ayase ueda
Japan,Kōki Ogawa,k ki ogawa
Japan,Ayumu Seko,ayumu seko
Japan,Hiroki Itō,hiroki it
Japan,Takehiro Tomiyasu,takehiro tomiyasu
Japan,Tomoki Hayakawa,tomoki hayakawa
Japan,Kaishū Sano,kaish sano
Japan,Junnosuke Suzuki,junnosuke suzuki
Japan,Kento Shiogai,kento shiogai
Netherlands,Bart Verbruggen,bart verbruggen
Netherlands,Lutsharel Geertruida,lutsharel geertruida
Netherlands,Marten de Roon,marten de roon
Netherlands,Virgil van Dijk,virgil van dijk
Netherlands,Nathan Aké,nathan ak
Netherlands,Jan Paul van Hecke,jan paul van hecke
Netherlands,Justin Kluivert,justin kluivert
Netherlands,Ryan Gravenberch,ryan gravenberch
Netherlands,Wout Weghorst,wout weghorst
Netherlands,Memphis Depay,memphis depay
Netherlands,Cody Gakpo,cody gakpo
Netherlands,Mats Wieffer,mats wieffer
Netherlands,Robin Roefs,robin roefs
Netherlands,Tijjani Reijnders,tijjani reijnders
Netherlands,Micky van de Ven,micky van de ven
Netherlands,Guus Til,guus til
Netherlands,Noa Lang,noa lang
Netherlands,Donyell Malen,donyell malen
Netherlands,Brian Brobbey,brian brobbey
Netherlands,Teun Koopmeiners,teun koopmeiners
Netherlands,Frenkie de Jong,frenkie de jong
Netherlands,Denzel Dumfries,denzel dumfries
Netherlands,Mark Flekken,mark flekken
Netherlands,Crysencio Summerville,crysencio summerville
Netherlands,Jorrel Hato,jorrel hato
Netherlands,Quinten Timber,quinten timber
Sweden,Jacob Widell Zetterström,jacob widell zetterstr m
Sweden,Gustaf Lagerbielke,gustaf lagerbielke
Sweden,Victor Lindelöf,victor lindel f
Sweden,Isak Hien,isak hien
Sweden,Gabriel Gudmundsson,gabriel gudmundsson
Sweden,Herman Johansson,herman johansson
Sweden,Lucas Bergvall,lucas bergvall
Sweden,Daniel Svensson,daniel svensson
Sweden,Alexander Isak,alexander isak
Sweden,Benjamin Nygren,benjamin nygren
Sweden,Anthony Elanga,anthony elanga
Sweden,Viktor Johansson,viktor johansson
Sweden,Ken Sema,ken sema
Sweden,Hjalmar Ekdal,hjalmar ekdal
Sweden,Carl Starfelt,carl starfelt
Sweden,Jesper Karlström,jesper karlstr m
Sweden,Viktor Gyökeres,viktor gy keres
Sweden,Yasin Ayari,yasin ayari
Sweden,Mattias Svanberg,mattias svanberg
Sweden,Eric Smith,eric smith
Sweden,Alexander Bernhardsson,alexander bernhardsson
Sweden,Besfort Zeneli,besfort zeneli
Sweden,Kristoffer Nordfeldt,kristoffer nordfeldt
Sweden,Elliot Stroud,elliot stroud
Sweden,Gustaf Nilsson,gustaf nilsson
Sweden,Taha Ali,taha ali
Tunisia,Mouhib Chamakh,mouhib chamakh
Tunisia,Ali Abdi,ali abdi
Tunisia,Montassar Talbi,montassar talbi
Tunisia,Omar Rekik,omar rekik
Tunisia,Adem Arous,adem arous
Tunisia,Dylan Bronn,dylan bronn
Tunisia,Elias Achouri,elias achouri
Tunisia,Elias Saad,elias saad
Tunisia,Hazem Mastouri,hazem mastouri
Tunisia,Hannibal Mejbri,hannibal mejbri
Tunisia,Ismaël Gharbi,isma l gharbi
Tunisia,Mortadha Ben Ouanes,mortadha ben ouanes
Tunisia,Rani Khedira,rani khedira
Tunisia,Khalil Ayari,khalil ayari
Tunisia,Hadj Mahmoud,hadj mahmoud
Tunisia,Aymen Dahmen,aymen dahmen
Tunisia,Ellyes Skhiri,ellyes skhiri
Tunisia,Rayan Elloumi,rayan elloumi
Tunisia,Firas Chaouat,firas chaouat
Tunisia,Yan Valery,yan valery
Tunisia,Mohamed Amine Ben Hamida,mohamed amine ben hamida
Tunisia,Sabri Ben Hessen,sabri ben hessen
Tunisia,Moutaz Neffati,moutaz neffati
Tunisia,Raed Chikhaoui,raed chikhaoui
Tunisia,Anis Ben Slimane,anis ben slimane
Tunisia,Sebastian Tounekti,sebastian tounekti
Belgium,Thibaut Courtois,thibaut courtois
Belgium,Zeno Debast,zeno debast
Belgium,Arthur Theate,arthur theate
Belgium,Brandon Mechele,brandon mechele
Belgium,Maxim De Cuyper,maxim de cuyper
Belgium,Axel Witsel,axel witsel
Belgium,Kevin De Bruyne,kevin de bruyne
Belgium,Youri Tielemans,youri tielemans
Belgium,Romelu Lukaku,romelu lukaku
Belgium,Leandro Trossard,leandro trossard
Belgium,Jérémy Doku,j r my doku
Belgium,Senne Lammens,senne lammens
Belgium,Mike Penders,mike penders
Belgium,Dodi Lukébakio,dodi luk bakio
Belgium,Thomas Meunier,thomas meunier
Belgium,Koni De Winter,koni de winter
Belgium,Charles De Ketelaere,charles de ketelaere
Belgium,Joaquin Seys,joaquin seys
Belgium,Diego Moreira,diego moreira
Belgium,Hans Vanaken,hans vanaken
Belgium,Timothy Castagne,timothy castagne
Belgium,Alexis Saelemaekers,alexis saelemaekers
Belgium,Nicolas Raskin,nicolas raskin
Belgium,Amadou Onana,amadou onana
Belgium,Nathan Ngoy,nathan ngoy
Belgium,Matias Fernandez-Pardo,matias fernandez pardo
Egypt,Mohamed El Shenawy,mohamed el shenawy
Egypt,Yasser Ibrahim,yasser ibrahim
Egypt,Mohamed Hany,mohamed hany
Egypt,Hossam Abdelmaguid,hossam abdelmaguid
Egypt,Ramy Rabia,ramy rabia
Egypt,Mohamed Abdelmonem,mohamed abdelmonem
Egypt,Trézéguet,tr z guet
Egypt,Emam Ashour,emam ashour
Egypt,Hamza Abdelkarim,hamza abdelkarim
Egypt,Mohamed Salah,mohamed salah
Egypt,Mostafa Ziko,mostafa ziko
Egypt,Haissem Hassan,haissem hassan
Egypt,Ahmed Fatouh,ahmed fatouh
Egypt,Hamdy Fathy,hamdy fathy
Egypt,Karim Hafez,karim hafez
Egypt,El Mahdy Soliman,el mahdy soliman
Egypt,Mohanad Lasheen,mohanad lasheen
Egypt,Nabil Emad,nabil emad
Egypt,Marwan Attia,marwan attia
Egypt,Ibrahim Adel,ibrahim adel
Egypt,Mahmoud Saber,mahmoud saber
Egypt,Omar Marmoush,omar marmoush
Egypt,Mostafa Shobeir,mostafa shobeir
Egypt,Tarek Alaa,tarek alaa
Egypt,Zizo,zizo
Egypt,Mohamed Alaa,mohamed alaa
Iran,Alireza Beiranvand,alireza beiranvand
Iran,Saleh Hardani,saleh hardani
Iran,Ehsan Hajsafi,ehsan hajsafi
Iran,Shojae Khalilzadeh,shojae khalilzadeh
Iran,Milad Mohammadi,milad mohammadi
Iran,Saeid Ezatolahi,saeid ezatolahi
Iran,Alireza Jahanbakhsh,alireza jahanbakhsh
Iran,Mohammad Mohebi,mohammad mohebi
Iran,Mehdi Taremi,mehdi taremi
Iran,Mehdi Ghayedi,mehdi ghayedi
Iran,Ali Alipour,ali alipour
Iran,Payam Niazmand,payam niazmand
Iran,Hossein Kanaanizadegan,hossein kanaanizadegan
Iran,Saman Ghoddos,saman ghoddos
Iran,Rouzbeh Cheshmi,rouzbeh cheshmi
Iran,Mehdi Torabi,mehdi torabi
Iran,Aria Yousefi,aria yousefi
Iran,Amirhossein Hosseinzadeh,amirhossein hosseinzadeh
Iran,Ali Nemati,ali nemati
Iran,Shahriyar Moghanlou,shahriyar moghanlou
Iran,Mohammad Ghorbani,mohammad ghorbani
Iran,Hossein Hosseini,hossein hosseini
Iran,Ramin Rezaeian,ramin rezaeian
Iran,Dennis Eckert,dennis eckert
Iran,Danial Eiri,danial eiri
Iran,Amirmohammad Razzaghinia,amirmohammad razzaghinia
New Zealand,Max Crocombe,max crocombe
New Zealand,Tim Payne,tim payne
New Zealand,Francis de Vries,francis de vries
New Zealand,Tyler Bindon,tyler bindon
New Zealand,Michael Boxall,michael boxall
New Zealand,Joe Bell,joe bell
New Zealand,Matthew Garbett,matthew garbett
New Zealand,Marko Stamenić,marko stameni
New Zealand,Chris Wood,chris wood
New Zealand,Sarpreet Singh,sarpreet singh
New Zealand,Elijah Just,elijah just
New Zealand,Alex Paulsen,alex paulsen
New Zealand,Liberato Cacace,liberato cacace
New Zealand,Alex Rufer,alex rufer
New Zealand,Nando Pijnaker,nando pijnaker
New Zealand,Finn Surman,finn surman
New Zealand,Kosta Barbarouses,kosta barbarouses
New Zealand,Ben Waine,ben waine
New Zealand,Ben Old,ben old
New Zealand,Callum McCowatt,callum mccowatt
New Zealand,Jesse Randall,jesse randall
New Zealand,Michael Woud,michael woud
New Zealand,Ryan Thomas,ryan thomas
New Zealand,Callan Elliot,callan elliot
New Zealand,Lachlan Bayliss,lachlan bayliss
New Zealand,Tommy Smith,tommy smith
Cape Verde,Vozinha,vozinha
Cape Verde,Stopira,stopira
Cape Verde,Diney,diney
Cape Verde,Roberto Lopes,roberto lopes
Cape Verde,Logan Costa,logan costa
Cape Verde,Kevin Pina,kevin pina
Cape Verde,Jovane Cabral,jovane cabral
Cape Verde,João Paulo,jo o paulo
Cape Verde,Gilson Benchimol,gilson benchimol
Cape Verde,Jamiro Monteiro,jamiro monteiro
Cape Verde,Garry Rodrigues,garry rodrigues
Cape Verde,Márcio Rosa,m rcio rosa
Cape Verde,Sidny Lopes Cabral,sidny lopes cabral
Cape Verde,Deroy Duarte,deroy duarte
Cape Verde,Laros Duarte,laros duarte
Cape Verde,Yannick Semedo,yannick semedo
Cape Verde,Willy Semedo,willy semedo
Cape Verde,Telmo Arcanjo,telmo arcanjo
Cape Verde,Dailon Livramento,dailon livramento
Cape Verde,Ryan Mendes,ryan mendes
Cape Verde,Nuno da Costa,nuno da costa
Cape Verde,Steven Moreira,steven moreira
Cape Verde,CJ dos Santos,cj dos santos
Cape Verde,Wagner Pina,wagner pina
Cape Verde,Kelvin Pires,kelvin pires
Cape Verde,Hélio Varela,h lio varela
Saudi Arabia,Nawaf Al-Aqidi,nawaf al aqidi
Saudi Arabia,Ali Majrashi,ali majrashi
Saudi Arabia,Ali Lajami,ali lajami
Saudi Arabia,Abdulelah Al-Amri,abdulelah al amri
Saudi Arabia,Hassan Al-Tambakti,hassan al tambakti
Saudi Arabia,Nasser Al-Dawsari,nasser al dawsari
Saudi Arabia,Musab Al-Juwayr,musab al juwayr
Saudi Arabia,Ayman Yahya,ayman yahya
Saudi Arabia,Firas Al-Buraikan,firas al buraikan
Saudi Arabia,Salem Al-Dawsari,salem al dawsari
Saudi Arabia,Saleh Al-Shehri,saleh al shehri
Saudi Arabia,Saud Abdulhamid,saud abdulhamid
Saudi Arabia,Nawaf Boushal,nawaf boushal
Saudi Arabia,Hassan Kadesh,hassan kadesh
Saudi Arabia,Abdullah Al-Khaibari,abdullah al khaibari
Saudi Arabia,Ziyad Al-Johani,ziyad al johani
Saudi Arabia,Khalid Al-Ghannam,khalid al ghannam
Saudi Arabia,Alaa Al-Hejji,alaa al hejji
Saudi Arabia,Abdullah Al-Hamdan,abdullah al hamdan
Saudi Arabia,Sultan Mandash,sultan mandash
Saudi Arabia,Mohammed Al-Owais,mohammed al owais
Saudi Arabia,Ahmed Al-Kassar,ahmed al kassar
Saudi Arabia,Mohamed Kanno,mohamed kanno
Saudi Arabia,Moteb Al-Harbi,moteb al harbi
Saudi Arabia,Jehad Thakri,jehad thakri
Saudi Arabia,Mohammed Abu Al-Shamat,mohammed abu al shamat
Spain,David Raya,david raya
Spain,Marc Pubill,marc pubill
Spain,Álex Grimaldo,lex grimaldo
Spain,Eric García,eric garc a
Spain,Marcos Llorente,marcos llorente
Spain,Mikel Merino,mikel merino
Spain,Ferran Torres,ferran torres
Spain,Fabián Ruiz,fabi n ruiz
Spain,Gavi,gavi
Spain,Dani Olmo,dani olmo
Spain,Yéremy Pino,y remy pino
Spain,Pedro Porro,pedro porro
Spain,Joan Garcia,joan garcia
Spain,Aymeric Laporte,aymeric laporte
Spain,Álex Baena,lex baena
Spain,Rodri,rodri
Spain,Nico Williams,nico williams
Spain,Martín Zubimendi,mart n zubimendi
Spain,Lamine Yamal,lamine yamal
Spain,Pedri,pedri
Spain,Mikel Oyarzabal,mikel oyarzabal
Spain,Pau Cubarsí,pau cubars
Spain,Unai Simón,unai sim n
Spain,Marc Cucurella,marc cucurella
Spain,Víctor Muñoz,v ctor mu oz
Spain,Borja Iglesias,borja iglesias
Uruguay,Sergio Rochet,sergio rochet
Uruguay,José María Giménez,jos mar a gim nez
Uruguay,Sebastián Cáceres,sebasti n c ceres
Uruguay,Ronald Araújo,ronald ara jo
Uruguay,Manuel Ugarte,manuel ugarte
Uruguay,Rodrigo Bentancur,rodrigo bentancur
Uruguay,Nicolás de la Cruz,nicol s de la cruz
Uruguay,Federico Valverde,federico valverde
Uruguay,Darwin Núñez,darwin n ez
Uruguay,Giorgian de Arrascaeta,giorgian de arrascaeta
Uruguay,Facundo Pellistri,facundo pellistri
Uruguay,Santiago Mele,santiago mele
Uruguay,Guillermo Varela,guillermo varela
Uruguay,Agustín Canobbio,agust n canobbio
Uruguay,Emiliano Martínez,emiliano mart nez
Uruguay,Mathías Olivera,math as olivera
Uruguay,Matías Viña,mat as vi a
Uruguay,Brian Rodríguez,brian rodr guez
Uruguay,Rodrigo Aguirre,rodrigo aguirre
Uruguay,Maximiliano Araújo,maximiliano ara jo
Uruguay,Federico Viñas,federico vi as
Uruguay,Joaquín Piquerez,joaqu n piquerez
Uruguay,Fernando Muslera,fernando muslera
Uruguay,Santiago Bueno,santiago bueno
Uruguay,Juan Manuel Sanabria,juan manuel sanabria
Uruguay,Rodrigo Zalazar,rodrigo zalazar
France,Brice Samba,brice samba
France,Malo Gusto,malo gusto
France,Lucas Digne,lucas digne
France,Dayot Upamecano,dayot upamecano
France,Jules Koundé,jules kound
France,Manu Koné,manu kon
France,Ousmane Dembélé,ousmane demb l
France,Aurélien Tchouaméni,aur lien tchouam ni
France,Marcus Thuram,marcus thuram
France,Kylian Mbappé,kylian mbapp
France,Michael Olise,michael olise
France,Bradley Barcola,bradley barcola
France,N'Golo Kanté,n golo kant
France,Adrien Rabiot,adrien rabiot
France,Ibrahima Konaté,ibrahima konat
France,Mike Maignan,mike maignan
France,William Saliba,william saliba
France,Warren Zaïre-Emery,warren za re emery
France,Théo Hernandez,th o hernandez
France,Désiré Doué,d sir dou
France,Lucas Hernandez,lucas hernandez
France,Jean-Philippe Mateta,jean philippe mateta
France,Robin Risser,robin risser
France,Rayan Cherki,rayan cherki
France,Maghnes Akliouche,maghnes akliouche
France,Maxence Lacroix,maxence lacroix
Iraq,Fahad Talib,fahad talib
Iraq,Rebin Sulaka,rebin sulaka
Iraq,Hussein Ali,hussein ali
Iraq,Zaid Tahseen,zaid tahseen
Iraq,Akam Hashim,akam hashim
Iraq,Manaf Younis,manaf younis
Iraq,Youssef Amyn,youssef amyn
Iraq,Ibrahim Bayesh,ibrahim bayesh
Iraq,Ali Al-Hamadi,ali al hamadi
Iraq,Mohanad Ali,mohanad ali
Iraq,Ahmed Qasem,ahmed qasem
Iraq,Jalal Hassan,jalal hassan
Iraq,Ali Yousif,ali yousif
Iraq,Zidane Iqbal,zidane iqbal
Iraq,Ahmed Maknzi,ahmed maknzi
Iraq,Amir Al-Ammari,amir al ammari
Iraq,Ali Jasim,ali jasim
Iraq,Aymen Hussein,aymen hussein
Iraq,Kevin Yakob,kevin yakob
Iraq,Aimar Sher,aimar sher
Iraq,Marko Farji,marko farji
Iraq,Ahmed Basil,ahmed basil
Iraq,Merchas Doski,merchas doski
Iraq,Zaid Ismail,zaid ismail
Iraq,Mustafa Saadoon,mustafa saadoon
Iraq,Frans Putros,frans putros
Norway,Ørjan Nyland,rjan nyland
Norway,Morten Thorsby,morten thorsby
Norway,Kristoffer Ajer,kristoffer ajer
Norway,Leo Østigård,leo stig rd
Norway,David Møller Wolfe,david m ller wolfe
Norway,Patrick Berg,patrick berg
Norway,Alexander Sørloth,alexander s rloth
Norway,Sander Berge,sander berge
Norway,Erling Haaland,erling haaland
Norway,Martin Ødegaard,martin degaard
Norway,Jørgen Strand Larsen,j rgen strand larsen
Norway,Sander Tangvik,sander tangvik
Norway,Egil Selvik,egil selvik
Norway,Fredrik Aursnes,fredrik aursnes
Norway,Fredrik André Bjørkan,fredrik andr bj rkan
Norway,Marcus Holmgren Pedersen,marcus holmgren pedersen
Norway,Torbjørn Heggem,torbj rn heggem
Norway,Kristian Thorstvedt,kristian thorstvedt
Norway,Thelo Aasgaard,thelo aasgaard
Norway,Antonio Nusa,antonio nusa
Norway,Andreas Schjelderup,andreas schjelderup
Norway,Oscar Bobb,oscar bobb
Norway,Jens Petter Hauge,jens petter hauge
Norway,Sondre Langås,sondre lang s
Norway,Henrik Falchener,henrik falchener
Norway,Julian Ryerson,julian ryerson
Senegal,Yehvann Diouf,yehvann diouf
Senegal,Mamadou Sarr,mamadou sarr
Senegal,Kalidou Koulibaly,kalidou koulibaly
Senegal,Abdoulaye Seck,abdoulaye seck
Senegal,Idrissa Gueye,idrissa gueye
Senegal,Pathé Ciss,path ciss
Senegal,Assane Diao,assane diao
Senegal,Lamine Camara,lamine camara
Senegal,Bamba Dieng,bamba dieng
Senegal,Sadio Mané,sadio man
Senegal,Nicolas Jackson,nicolas jackson
Senegal,Cherif Ndiaye,cherif ndiaye
Senegal,Iliman Ndiaye,iliman ndiaye
Senegal,Ismail Jakobs,ismail jakobs
Senegal,Krépin Diatta,kr pin diatta
Senegal,Édouard Mendy,douard mendy
Senegal,Pape Matar Sarr,pape matar sarr
Senegal,Ismaïla Sarr,isma la sarr
Senegal,Moussa Niakhaté,moussa niakhat
Senegal,Ibrahim Mbaye,ibrahim mbaye
Senegal,Habib Diarra,habib diarra
Senegal,Bara Sapoko Ndiaye,bara sapoko ndiaye
Senegal,Mory Diaw,mory diaw
Senegal,Antoine Mendy,antoine mendy
Senegal,El Hadji Malick Diouf,el hadji malick diouf
Senegal,Pape Gueye,pape gueye
Algeria,Melvin Mastil,melvin mastil
Algeria,Aïssa Mandi,a ssa mandi
Algeria,Achref Abada,achref abada
Algeria,Mohamed Amine Tougai,mohamed amine tougai
Algeria,Zineddine Belaïd,zineddine bela d
Algeria,Ramiz Zerrouki,ramiz zerrouki
Algeria,Riyad Mahrez,riyad mahrez
Algeria,Houssem Aouar,houssem aouar
Algeria,Amine Gouiri,amine gouiri
Algeria,Farès Chaïbi,far s cha bi
Algeria,Anis Hadj Moussa,anis hadj moussa
Algeria,Nadhir Benbouali,nadhir benbouali
Algeria,Jaouen Hadjam,jaouen hadjam
Algeria,Hicham Boudaoui,hicham boudaoui
Algeria,Rayan Aït-Nouri,rayan a t nouri
Algeria,Oussama Benbot,oussama benbot
Algeria,Rafik Belghali,rafik belghali
Algeria,Mohamed Amoura,mohamed amoura
Algeria,Nabil Bentaleb,nabil bentaleb
Algeria,Adil Boulbina,adil boulbina
Algeria,Ramy Bensebaini,ramy bensebaini
Algeria,Ibrahim Maza,ibrahim maza
Algeria,Luca Zidane,luca zidane
Algeria,Yacine Titraoui,yacine titraoui
Algeria,Farès Ghedjemis,far s ghedjemis
Algeria,Samir Chergui,samir chergui
Argentina,Juan Musso,juan musso
Argentina,Marcos Senesi,marcos senesi
Argentina,Nicolás Tagliafico,nicol s tagliafico
Argentina,Gonzalo Montiel,gonzalo montiel
Argentina,Leandro Paredes,leandro paredes
Argentina,Lisandro Martínez,lisandro mart nez
Argentina,Rodrigo De Paul,rodrigo de paul
Argentina,Valentín Barco,valent n barco
Argentina,Julián Alvarez,juli n alvarez
Argentina,Lionel Messi,lionel messi
Argentina,Giovani Lo Celso,giovani lo celso
Argentina,Gerónimo Rulli,ger nimo rulli
Argentina,Cristian Romero,cristian romero
Argentina,Exequiel Palacios,exequiel palacios
Argentina,Nicolás González,nicol s gonz lez
Argentina,Thiago Almada,thiago almada
Argentina,Giuliano Simeone,giuliano simeone
Argentina,Nico Paz,nico paz
Argentina,Nicolás Otamendi,nicol s otamendi
Argentina,Alexis Mac Allister,alexis mac allister
Argentina,José Manuel López,jos manuel l pez
Argentina,Lautaro Martínez,lautaro mart nez
Argentina,Emiliano Martínez,emiliano mart nez
Argentina,Enzo Fernández,enzo fern ndez
Argentina,Facundo Medina,facundo medina
Argentina,Nahuel Molina,nahuel molina
Austria,Alexander Schlager,alexander schlager
Austria,David Affengruber,david affengruber
Austria,Kevin Danso,kevin danso
Austria,Xaver Schlager,xaver schlager
Austria,Stefan Posch,stefan posch
Austria,Nicolas Seiwald,nicolas seiwald
Austria,Marko Arnautović,marko arnautovi
Austria,David Alaba,david alaba
Austria,Marcel Sabitzer,marcel sabitzer
Austria,Florian Grillitsch,florian grillitsch
Austria,Michael Gregoritsch,michael gregoritsch
Austria,Florian Wiegele,florian wiegele
Austria,Patrick Pentz,patrick pentz
Austria,Saša Kalajdžić,sa a kalajd i
Austria,Philipp Lienhart,philipp lienhart
Austria,Phillipp Mwene,phillipp mwene
Austria,Carney Chukwuemeka,carney chukwuemeka
Austria,Romano Schmid,romano schmid
Austria,Dejan Ljubičić,dejan ljubi i
Austria,Konrad Laimer,konrad laimer
Austria,Patrick Wimmer,patrick wimmer
Austria,Alexander Prass,alexander prass
Austria,Marco Friedl,marco friedl
Austria,Paul Wanner,paul wanner
Austria,Michael Svoboda,michael svoboda
Austria,Alessandro Schöpf,alessandro sch pf
Jordan,Yazeed Abulaila,yazeed abulaila
Jordan,Mohammad Abu Hashish,mohammad abu hashish
Jordan,Abdallah Nasib,abdallah nasib
Jordan,Husam Abu Dahab,husam abu dahab
Jordan,Yazan Al-Arab,yazan al arab
Jordan,Amer Jamous,amer jamous
Jordan,Mohammad Abu Zrayq,mohammad abu zrayq
Jordan,Noor Al-Rawabdeh,noor al rawabdeh
Jordan,Ali Olwan,ali olwan
Jordan,Musa Al-Taamari,musa al taamari
Jordan,Odeh Al-Fakhouri,odeh al fakhouri
Jordan,Nour Bani Attiah,nour bani attiah
Jordan,Mahmoud Al-Mardi,mahmoud al mardi
Jordan,Rajaei Ayed,rajaei ayed
Jordan,Ibrahim Sadeh,ibrahim sadeh
Jordan,Mo Abualnadi,mo abualnadi
Jordan,Salim Obaid,salim obaid
Jordan,Mohammad Taha,mohammad taha
Jordan,Saed Al-Rosan,saed al rosan
Jordan,Mohannad Abu Taha,mohannad abu taha
Jordan,Nizar Al-Rashdan,nizar al rashdan
Jordan,Abdallah Al-Fakhouri,abdallah al fakhouri
Jordan,Ihsan Haddad,ihsan haddad
Jordan,Ali Azaizeh,ali azaizeh
Jordan,Mohammad Al-Dawoud,mohammad al dawoud
Jordan,Anas Badawi,anas badawi
Colombia,David Ospina,david ospina
Colombia,Daniel Muñoz,daniel mu oz
Colombia,Jhon Lucumí,jhon lucum
Colombia,Santiago Arias,santiago arias
Colombia,Kevin Castaño,kevin casta o
Colombia,Richard Ríos,richard r os
Colombia,Luis Díaz,luis d az
Colombia,Jorge Carrascal,jorge carrascal
Colombia,Jhon Córdoba,jhon c rdoba
Colombia,James Rodríguez,james rodr guez
Colombia,Jhon Arias,jhon arias
Colombia,Camilo Vargas,camilo vargas
Colombia,Yerry Mina,yerry mina
Colombia,Gustavo Puerta,gustavo puerta
Colombia,Juan Portilla,juan portilla
Colombia,Jefferson Lerma,jefferson lerma
Colombia,Johan Mojica,johan mojica
Colombia,Willer Ditta,willer ditta
Colombia,Cucho Hernández,cucho hern ndez
Colombia,Juan Fernando Quintero,juan fernando quintero
Colombia,Jaminton Campaz,jaminton campaz
Colombia,Deiver Machado,deiver machado
Colombia,Davinson Sánchez,davinson s nchez
Colombia,Álvaro Montero,lvaro montero
Colombia,Luis Suárez,luis su rez
Colombia,Andrés Gómez,andr s g mez
DR Congo,Lionel Mpasi,lionel mpasi
DR Congo,Aaron Wan-Bissaka,aaron wan bissaka
DR Congo,Steve Kapuadi,steve kapuadi
DR Congo,Axel Tuanzebe,axel tuanzebe
DR Congo,Dylan Batubinsika,dylan batubinsika
DR Congo,Ngal'ayel Mukau,ngal ayel mukau
DR Congo,Nathanaël Mbuku,nathana l mbuku
DR Congo,Samuel Moutoussamy,samuel moutoussamy
DR Congo,Brian Cipenga,brian cipenga
DR Congo,Théo Bongonda,th o bongonda
DR Congo,Gaël Kakuta,ga l kakuta
DR Congo,Joris Kayembe,joris kayembe
DR Congo,Meschak Elia,meschak elia
DR Congo,Noah Sadiki,noah sadiki
DR Congo,Aaron Tshibola,aaron tshibola
DR Congo,Timothy Fayulu,timothy fayulu
DR Congo,Cédric Bakambu,c dric bakambu
DR Congo,Charles Pickel,charles pickel
DR Congo,Fiston Mayele,fiston mayele
DR Congo,Yoane Wissa,yoane wissa
DR Congo,Matthieu Epolo,matthieu epolo
DR Congo,Chancel Mbemba,chancel mbemba
DR Congo,Simon Banza,simon banza
DR Congo,Gédéon Kalulu,g d on kalulu
DR Congo,Edo Kayembe,edo kayembe
DR Congo,Arthur Masuaku,arthur masuaku
Portugal,Diogo Costa,diogo costa
Portugal,Nélson Semedo,n lson semedo
Portugal,Rúben Dias,r ben dias
Portugal,Tomás Araújo,tom s ara jo
Portugal,Diogo Dalot,diogo dalot
Portugal,Matheus Nunes,matheus nunes
Portugal,Cristiano Ronaldo,cristiano ronaldo
Portugal,Bruno Fernandes,bruno fernandes
Portugal,Gonçalo Ramos,gon alo ramos
Portugal,Bernardo Silva,bernardo silva
Portugal,João Félix,jo o f lix
Portugal,José Sá,jos s
Portugal,Renato Veiga,renato veiga
Portugal,Gonçalo Inácio,gon alo in cio
Portugal,João Neves,jo o neves
Portugal,Francisco Trincão,francisco trinc o
Portugal,Rafael Leão,rafael le o
Portugal,Pedro Neto,pedro neto
Portugal,Gonçalo Guedes,gon alo guedes
Portugal,João Cancelo,jo o cancelo
Portugal,Rúben Neves,r ben neves
Portugal,Rui Silva,rui silva
Portugal,Vitinha,vitinha
Portugal,Samú Costa,sam costa
Portugal,Nuno Mendes,nuno mendes
Portugal,Francisco Conceição,francisco concei o
Uzbekistan,Utkir Yusupov,utkir yusupov
Uzbekistan,Abdukodir Khusanov,abdukodir khusanov
Uzbekistan,Khojiakbar Alijonov,khojiakbar alijonov
Uzbekistan,Farrukh Sayfiev,farrukh sayfiev
Uzbekistan,Rustam Ashurmatov,rustam ashurmatov
Uzbekistan,Akmal Mozgovoy,akmal mozgovoy
Uzbekistan,Otabek Shukurov,otabek shukurov
Uzbekistan,Jamshid Iskanderov,jamshid iskanderov
Uzbekistan,Odiljon Hamrobekov,odiljon hamrobekov
Uzbekistan,Jaloliddin Masharipov,jaloliddin masharipov
Uzbekistan,Oston Urunov,oston urunov
Uzbekistan,Abduvohid Nematov,abduvohid nematov
Uzbekistan,Sherzod Nasrullaev,sherzod nasrullaev
Uzbekistan,Eldor Shomurodov,eldor shomurodov
Uzbekistan,Umar Eshmurodov,umar eshmurodov
Uzbekistan,Botirali Ergashev,botirali ergashev
Uzbekistan,Dostonbek Khamdamov,dostonbek khamdamov
Uzbekistan,Abdulla Abdullaev,abdulla abdullaev
Uzbekistan,Azizjon Ganiev,azizjon ganiev
Uzbekistan,Azizbek Amonov,azizbek amonov
Uzbekistan,Igor Sergeev,igor sergeev
Uzbekistan,Abbosbek Fayzullaev,abbosbek fayzullaev
Uzbekistan,Sherzod Esanov,sherzod esanov
Uzbekistan,Bekhruz Karimov,bekhruz karimov
Uzbekistan,Avazbek Ulmasaliev,avazbek ulmasaliev
Uzbekistan,Jakhongir Urozov,jakhongir urozov
Croatia,Dominik Livaković,dominik livakovi
Croatia,Josip Stanišić,josip stani i
Croatia,Marin Pongračić,marin pongra i
Croatia,Joško Gvardiol,jo ko gvardiol
Croatia,Duje Ćaleta-Car,duje aleta car
Croatia,Josip Šutalo,josip utalo
Croatia,Nikola Moro,nikola moro
Croatia,Mateo Kovačić,mateo kova i
Croatia,Andrej Kramarić,andrej kramari
Croatia,Luka Modrić,luka modri
Croatia,Ante Budimir,ante budimir
Croatia,Ivor Pandur,ivor pandur
Croatia,Nikola Vlašić,nikola vla i
Croatia,Ivan Perišić,ivan peri i
Croatia,Mario Pašalić,mario pa ali
Croatia,Martin Baturina,martin baturina
Croatia,Petar Sučić,petar su i
Croatia,Kristijan Jakić,kristijan jaki
Croatia,Toni Fruk,toni fruk
Croatia,Igor Matanović,igor matanovi
Croatia,Luka Sučić,luka su i
Croatia,Luka Vušković,luka vu kovi
Croatia,Dominik Kotarski,dominik kotarski
Croatia,Marco Pašalić,marco pa ali
Croatia,Martin Erlić,martin erli
Croatia,Petar Musa,petar musa
England,Jordan Pickford,jordan pickford
England,Ezri Konsa,ezri konsa
England,Nico O'Reilly,nico o reilly
England,Declan Rice,declan rice
England,John Stones,john stones
England,Marc Guéhi,marc gu hi
England,Bukayo Saka,bukayo saka
England,Elliot Anderson,elliot anderson
England,Harry Kane,harry kane
England,Jude Bellingham,jude bellingham
England,Marcus Rashford,marcus rashford
England,Tino Livramento,tino livramento
England,Dean Henderson,dean henderson
England,Jordan Henderson,jordan henderson
England,Dan Burn,dan burn
England,Kobbie Mainoo,kobbie mainoo
England,Morgan Rogers,morgan rogers
England,Anthony Gordon,anthony gordon
England,Ollie Watkins,ollie watkins
England,Noni Madueke,noni madueke
England,Eberechi Eze,eberechi eze
England,Ivan Toney,ivan toney
England,James Trafford,james trafford
England,Reece James,reece james
England,Djed Spence,djed spence
England,Jarell Quansah,jarell quansah
Ghana,Lawrence Ati-Zigi,lawrence ati zigi
Ghana,Alidu Seidu,alidu seidu
Ghana,Caleb Yirenkyi,caleb yirenkyi
Ghana,Jonas Adjetey,jonas adjetey
Ghana,Thomas Partey,thomas partey
Ghana,Abdul Mumin,abdul mumin
Ghana,Abdul Fatawu,abdul fatawu
Ghana,Kwasi Sibo,kwasi sibo
Ghana,Jordan Ayew,jordan ayew
Ghana,Brandon Thomas-Asante,brandon thomas asante
Ghana,Antoine Semenyo,antoine semenyo
Ghana,Joseph Anang,joseph anang
Ghana,Christopher Bonsu Baah,christopher bonsu baah
Ghana,Gideon Mensah,gideon mensah
Ghana,Elisha Owusu,elisha owusu
Ghana,Benjamin Asare,benjamin asare
Ghana,Abdul Rahman Baba,abdul rahman baba
Ghana,Jerome Opoku,jerome opoku
Ghana,Iñaki Williams,i aki williams
Ghana,Augustine Boakye,augustine boakye
Ghana,Kojo Peprah Oppong,kojo peprah oppong
Ghana,Kamaldeen Sulemana,kamaldeen sulemana
Ghana,Derrick Luckassen,derrick luckassen
Ghana,Ernest Nuamah,ernest nuamah
Ghana,Prince Kwabena Adu,prince kwabena adu
Ghana,Marvin Senaya,marvin senaya
Panama,Luis Mejía,luis mej a
Panama,César Blackman,c sar blackman
Panama,José Córdoba,jos c rdoba
Panama,Fidel Escobar,fidel escobar
Panama,Edgardo Fariña,edgardo fari a
Panama,Cristian Martínez,cristian mart nez
Panama,José Luis Rodríguez,jos luis rodr guez
Panama,Adalberto Carrasquilla,adalberto carrasquilla
Panama,Tomás Rodríguez,tom s rodr guez
Panama,Ismael Díaz,ismael d az
Panama,Yoel Bárcenas,yoel b rcenas
Panama,César Samudio,c sar samudio
Panama,Jiovany Ramos,jiovany ramos
Panama,Carlos Harvey,carlos harvey
Panama,Eric Davis,eric davis
Panama,Andrés Andrade,andr s andrade
Panama,José Fajardo,jos fajardo
Panama,Cecilio Waterman,cecilio waterman
Panama,Alberto Quintero,alberto quintero
Panama,Aníbal Godoy,an bal godoy
Panama,César Yanis,c sar yanis
Panama,Orlando Mosquera,orlando mosquera
Panama,Michael Amir Murillo,michael amir murillo
Panama,Azarias Londoño,azarias londo o
Panama,Roderick Miller,roderick miller
Panama,Jorge Gutiérrez,jorge guti rrez
